title,author,description,coverImage,content,ageGroup,genre,readingDifficulty,pageCount
Burmanski dani,George Orwell,Prvi roman Džordža Orvela nadahnut njegovim iskustvima iz Burme. Oštra kritika kolonijalizma i istraživanje ljudske prirode u korumpiranom sistemu.,https://www.knjiga.ba/media/catalog/product/cache/1/image/9df78eab33525d08d6e5fb8d27136e95/slike/burmanski_dani_orwell.jpg,Prvi roman Džordža Orvela nadahnut njegovim iskustvima iz Burme. Oštra kritika kolonijalizma i istraživanje ljudske prirode u korumpiranom sistemu.,O,klasik,srednje,285
Knjige ili cigarete,George Orwell,"Zbirka eseja u kojoj Orvel na duhovit i pronicljiv način piše o književnosti, čitanju i društvenim navikama. Istražuje odnos između kulture i svakodnevnog života.",https://www.knjiga.ba/media/catalog/product/cache/1/image/9df78eab33525d08d6e5fb8d27136e95/slike/knjige_ili_cigarete_orwell.jpg,"Zbirka eseja u kojoj Orvel na duhovit i pronicljiv način piše o književnosti, čitanju i društvenim navikama. Istražuje odnos između kulture i svakodnevnog života.",O,eseji,lako,136
Avanture Šerloka Holmsa,Arthur Conan Doyle,Zbirka priča o najpoznatijem detektivu na svijetu i njegovom vjernom pratiocu doktoru Votsonu. Klasik detektivskog žanra koji slavi moć dedukcije.,https://www.knjiga.ba/media/catalog/product/cache/1/image/9df78eab33525d08d6e5fb8d27136e95/slike/avanture_serloka_holmsa.jpg,Zbirka priča o najpoznatijem detektivu na svijetu i njegovom vjernom pratiocu doktoru Votsonu. Klasik detektivskog žanra koji slavi moć dedukcije.,R7,krimi,lako,320
Niko i ništa u Parizu i Londonu,George Orwell,"Autobiografski zapis o Orvelovom životu u siromaštvu, radeći kao perač sudova i lutajući ulicama velikih gradova. Potresna slika društvenog dna.",https://www.knjiga.ba/media/catalog/product/cache/1/image/9df78eab33525d08d6e5fb8d27136e95/slike/niko_i_nista_orwell.jpg,"Autobiografski zapis o Orvelovom životu u siromaštvu, radeći kao perač sudova i lutajući ulicama velikih gradova. Potresna slika društvenog dna.",O,autobiografija,srednje,224
Pisma Mileni,Franz Kafka,"Dirljiva i intimna prepiska Franca Kafke sa Milenom Jesenskom. Pisma otkrivaju Kafkinu ranjivost, genijalnost i duboku emocionalnu povezanost.",https://www.knjiga.ba/media/catalog/product/cache/1/image/9df78eab33525d08d6e5fb8d27136e95/slike/pisma_mileni_kafka.jpg,"Dirljiva i intimna prepiska Franca Kafke sa Milenom Jesenskom. Pisma otkrivaju Kafkinu ranjivost, genijalnost i duboku emocionalnu povezanost.",O,pisma,srednje,280
Izgubljene iluzije,Honoré de Balzac,"Priča o mladom pjesniku koji dolazi u Pariz pun snova, ali se suočava sa surovom stvarnošću novinarstva i izdavaštva. Centralno djelo Balzakove Ljudske komedije.",https://www.knjiga.ba/media/catalog/product/cache/1/image/9df78eab33525d08d6e5fb8d27136e95/slike/izgubljene_iluzije_balzac.jpg,"Priča o mladom pjesniku koji dolazi u Pariz pun snova, ali se suočava sa surovom stvarnošću novinarstva i izdavaštva. Centralno djelo Balzakove Ljudske komedije.",O,klasik,teško,656
Mensfild park,Jane Austen,"Roman o moralnom razvoju Fani Prajs u domu svojih bogatih rođaka. Istražuje teme društvenog položaja, vaspitanja i istinske vrline u engleskom društvu.",https://www.knjiga.ba/media/catalog/product/cache/1/image/9df78eab33525d08d6e5fb8d27136e95/slike/mensfild_park_austen.jpg,"Roman o moralnom razvoju Fani Prajs u domu svojih bogatih rođaka. Istražuje teme društvenog položaja, vaspitanja i istinske vrline u engleskom društvu.",R7,klasik,srednje,464
Teška vremena,Charles Dickens,Oštar portret industrijskog društva u kojem se činjenice i profit stavljaju ispred mašte i ljudskosti. Roman koji kritikuje utilitarizam viktorijanske ere.,https://www.knjiga.ba/media/catalog/product/cache/1/image/9df78eab33525d08d6e5fb8d27136e95/slike/teska_vremena_dickens.jpg,Oštar portret industrijskog društva u kojem se činjenice i profit stavljaju ispred mašte i ljudskosti. Roman koji kritikuje utilitarizam viktorijanske ere.,O,klasik,srednje,352
Uzorana ledina,Mihail Šolohov,"Epski roman o kolektivizaciji na Donu, prožet upečatljivim opisima prirode i slojevitim likovima. Šolohov oživljava svijet pun surovosti i nade.",https://www.knjiga.ba/media/catalog/product/cache/1/image/9df78eab33525d08d6e5fb8d27136e95/slike/uzorana_ledina_solohov.jpg,"Epski roman o kolektivizaciji na Donu, prožet upečatljivim opisima prirode i slojevitim likovima. Šolohov oživljava svijet pun surovosti i nade.",O,klasik,srednje,700
Tihi Don,Mihail Šolohov,Monumentalna saga o kozačkoj porodici Melehov tokom Prvog svjetskog rata i revolucije. Jedno od najznačajnijih djela ruske književnosti 20. vijeka.,https://www.knjiga.ba/media/catalog/product/cache/1/image/9df78eab33525d08d6e5fb8d27136e95/slike/tihi_don_solohov.jpg,Monumentalna saga o kozačkoj porodici Melehov tokom Prvog svjetskog rata i revolucije. Jedno od najznačajnijih djela ruske književnosti 20. vijeka.,A,klasik,teško,1500
Grof Monte Kristo,Alexandre Dumas,Uzbudljiva priča o nepravedno optuženom Edmondu Dantesu koji nakon bjekstva iz zatvora kreće u potragu za blagom i osvetom. Vrhunac avanturističkog romana.,https://www.knjiga.ba/media/catalog/product/cache/1/image/9df78eab33525d08d6e5fb8d27136e95/slike/grof_monte_kristo_dumas.jpg,Uzbudljiva priča o nepravedno optuženom Edmondu Dantesu koji nakon bjekstva iz zatvora kreće u potragu za blagom i osvetom. Vrhunac avanturističkog romana.,R7,avantura,lako,1000
Tri musketara,Alexandre Dumas,"Avanture mladog D'Artanjana i njegova tri prijatelja musketara u službi kralja Luja XIII. Priča o časti, prijateljstvu i intrigama na francuskom dvoru.",https://www.knjiga.ba/media/catalog/product/cache/1/image/9df78eab33525d08d6e5fb8d27136e95/slike/tri_musketara_dumas.jpg,"Avanture mladog D'Artanjana i njegova tri prijatelja musketara u službi kralja Luja XIII. Priča o časti, prijateljstvu i intrigama na francuskom dvoru.",R7,avantura,lako,600
Kraljica Margo,Alexandre Dumas,"Istorijski roman smješten u vrijeme Bartolomejske noći, pun intriga, zabranjenih ljubavi i političkih previranja na dvoru Valoa.",https://www.knjiga.ba/media/catalog/product/cache/1/image/9df78eab33525d08d6e5fb8d27136e95/slike/kraljica_margo_dumas.jpg,"Istorijski roman smješten u vrijeme Bartolomejske noći, pun intriga, zabranjenih ljubavi i političkih previranja na dvoru Valoa.",O,istorijski,srednje,500
Crna lala,Alexandre Dumas,"Priča o uzgoju rijetke crne lale u Holandiji 17. vijeka, prožeta političkim zavjerama i dirljivom ljubavnom pričom. Roman o strasti i pravdi.",https://www.knjiga.ba/media/catalog/product/cache/1/image/9df78eab33525d08d6e5fb8d27136e95/slike/crna_lala_dumas.jpg,"Priča o uzgoju rijetke crne lale u Holandiji 17. vijeka, prožeta političkim zavjerama i dirljivom ljubavnom pričom. Roman o strasti i pravdi.",R7,klasik,lako,250
Ivanhoe,Walter Scott,"Klasični istorijski roman o vitezu Ajvanhou u srednjovjekovnoj Engleskoj, pun turnira, opsada i borbe za kralja Ričarda Lavljeg Srca.",https://www.knjiga.ba/media/catalog/product/cache/1/image/9df78eab33525d08d6e5fb8d27136e95/slike/ivanhoe_scott.jpg,"Klasični istorijski roman o vitezu Ajvanhou u srednjovjekovnoj Engleskoj, pun turnira, opsada i borbe za kralja Ričarda Lavljeg Srca.",R7,istorijski,srednje,500
Rob Roy,Walter Scott,"Priča o legendarnom škotskom odmetniku i narodnom junaku, smještena u uzbudljivo vrijeme jakobitskih ustanaka. Roman o časti i slobodi.",https://www.knjiga.ba/media/catalog/product/cache/1/image/9df78eab33525d08d6e5fb8d27136e95/slike/rob_roy_scott.jpg,"Priča o legendarnom škotskom odmetniku i narodnom junaku, smještena u uzbudljivo vrijeme jakobitskih ustanaka. Roman o časti i slobodi.",O,istorijski,srednje,450
Quentin Durward,Walter Scott,Avanture mladog škotskog strijelca u službi francuskog kralja Luja XI. Roman koji vješto spaja istorijske činjenice i maštovitu priču.,https://www.knjiga.ba/media/catalog/product/cache/1/image/9df78eab33525d08d6e5fb8d27136e95/slike/quentin_durward_scott.jpg,Avanture mladog škotskog strijelca u službi francuskog kralja Luja XI. Roman koji vješto spaja istorijske činjenice i maštovitu priču.,O,istorijski,srednje,480
Frankenstein,Mary Shelley,"Prvi naučnofantastični roman o naučniku koji stvara živo biće, istražujući granice ljudske ambicije i odgovornosti prema stvorenom životu.",https://www.knjiga.ba/media/catalog/product/cache/1/image/9df78eab33525d08d6e5fb8d27136e95/slike/frankenstein_shelley.jpg,"Prvi naučnofantastični roman o naučniku koji stvara živo biće, istražujući granice ljudske ambicije i odgovornosti prema stvorenom životu.",R7,horor,srednje,280
Drakula,Bram Stoker,Epistolarni roman koji je definisao moderni mit o vampirima. Priča o borbi grupe ljudi protiv drevnog zla koje dolazi iz Transilvanije.,https://www.knjiga.ba/media/catalog/product/cache/1/image/9df78eab33525d08d6e5fb8d27136e95/slike/drakula_stoker.jpg,Epistolarni roman koji je definisao moderni mit o vampirima. Priča o borbi grupe ljudi protiv drevnog zla koje dolazi iz Transilvanije.,O,horor,srednje,400
Slika Dorijana Greja,Oscar Wilde,"Mladić Dorijan Grej ostaje vječno mlad dok njegov portret stari i bilježi sve njegove grijehe. Istražuje teme estetizma, morala i prolaznosti.",https://www.knjiga.ba/media/catalog/product/cache/1/image/9df78eab33525d08d6e5fb8d27136e95/slike/slika_dorijana_greja_wilde.jpg,"Mladić Dorijan Grej ostaje vječno mlad dok njegov portret stari i bilježi sve njegove grijehe. Istražuje teme estetizma, morala i prolaznosti.",O,klasik,srednje,250
Važnost zvati se Ernest,Oscar Wilde,Duhovita komedija zabune koja ismijava društvene konvencije i licemjerje viktorijanskog društva. Vrhunac Vajldovog humora i duha.,https://www.knjiga.ba/media/catalog/product/cache/1/image/9df78eab33525d08d6e5fb8d27136e95/slike/vaznost_zvati_se_ernest.jpg,Duhovita komedija zabune koja ismijava društvene konvencije i licemjerje viktorijanskog društva. Vrhunac Vajldovog humora i duha.,O,drama,lako,120
Idealni muž,Oscar Wilde,"Drama koja istražuje teme političke korupcije, ucjene i bračne vjernosti u visokom društvu Londona. Puna Vajldovih čuvenih aforizama.",https://www.knjiga.ba/media/catalog/product/cache/1/image/9df78eab33525d08d6e5fb8d27136e95/slike/idealni_muz_wilde.jpg,"Drama koja istražuje teme političke korupcije, ucjene i bračne vjernosti u visokom društvu Londona. Puna Vajldovih čuvenih aforizama.",O,drama,lako,130
Lepeza gospođe Vindermir,Oscar Wilde,"Komedija o sumnji, ljubavi i žrtvi, koja na pronicljiv način kritikuje stroge moralne standarde viktorijanske ere.",https://www.knjiga.ba/media/catalog/product/cache/1/image/9df78eab33525d08d6e5fb8d27136e95/slike/lepeza_gospodje_vindermir.jpg,"Komedija o sumnji, ljubavi i žrtvi, koja na pronicljiv način kritikuje stroge moralne standarde viktorijanske ere.",O,drama,lako,110
De Profundis,Oscar Wilde,"Dirljivo i duboko pismo koje je Vajld napisao iz zatvora, istražujući sopstvenu patnju, duhovni preobražaj i prirodu umjetnosti.",https://www.knjiga.ba/media/catalog/product/cache/1/image/9df78eab33525d08d6e5fb8d27136e95/slike/de_profundis_wilde.jpg,"Dirljivo i duboko pismo koje je Vajld napisao iz zatvora, istražujući sopstvenu patnju, duhovni preobražaj i prirodu umjetnosti.",A,pisma,srednje,150
Balada o tamnici u Redingu,Oscar Wilde,"Snažna poema inspirisana Vajldovim zatvorskim iskustvom, koja kritikuje smrtnu kaznu i istražuje teme krivice i iskupljenja.",https://www.knjiga.ba/media/catalog/product/cache/1/image/9df78eab33525d08d6e5fb8d27136e95/slike/balada_o_tamnici_wilde.jpg,"Snažna poema inspirisana Vajldovim zatvorskim iskustvom, koja kritikuje smrtnu kaznu i istražuje teme krivice i iskupljenja.",O,poezija,srednje,80
Uliks,James Joyce,Modernističko remek-djelo koje prati jedan dan u životu Leopolda Bluma u Dablinu. Revolucionarna upotreba toka svijesti i jezičkih inovacija.,https://www.knjiga.ba/media/catalog/product/cache/1/image/9df78eab33525d08d6e5fb8d27136e95/slike/uliks_joyce.jpg,Modernističko remek-djelo koje prati jedan dan u životu Leopolda Bluma u Dablinu. Revolucionarna upotreba toka svijesti i jezičkih inovacija.,A,klasik,teško,800
Dablinci,James Joyce,"Zbirka pripovijedaka koja portretiše život običnih ljudi u Dablinu početkom 20. vijeka, istražujući teme paralize, vjere i odrastanja.",https://www.knjiga.ba/media/catalog/product/cache/1/image/9df78eab33525d08d6e5fb8d27136e95/slike/dablinci_joyce.jpg,"Zbirka pripovijedaka koja portretiše život običnih ljudi u Dablinu početkom 20. vijeka, istražujući teme paralize, vjere i odrastanja.",O,pripovijetke,srednje,220
Portret umjetnika u mladosti,James Joyce,"Poluautobiografski roman o odrastanju Stivena Dedalusa i njegovom oslobađanju od okova porodice, crkve i domovine radi umjetničkog poziva.",https://www.knjiga.ba/media/catalog/product/cache/1/image/9df78eab33525d08d6e5fb8d27136e95/slike/portret_umjetnika_joyce.jpg,"Poluautobiografski roman o odrastanju Stivena Dedalusa i njegovom oslobađanju od okova porodice, crkve i domovine radi umjetničkog poziva.",O,klasik,teško,280
Finneganovo bdenje,James Joyce,"Najkompleksnije Džojsovo djelo, napisano jedinstvenim jezikom koji spaja san i javu, istoriju i mitologiju u beskonačni krug.",https://www.knjiga.ba/media/catalog/product/cache/1/image/9df78eab33525d08d6e5fb8d27136e95/slike/finneganovo_bdenje_joyce.jpg,"Najkompleksnije Džojsovo djelo, napisano jedinstvenim jezikom koji spaja san i javu, istoriju i mitologiju u beskonačni krug.",A,klasik,teško,600
Gospođa Dalovej,Virginia Woolf,"Roman koji prati jedan dan u životu Klarise Dalovej, istražujući njene misli, sjećanja i unutrašnji svijet kroz tehniku toka svijesti.",https://www.knjiga.ba/media/catalog/product/cache/1/image/9df78eab33525d08d6e5fb8d27136e95/slike/gospodja_dalovej_woolf.jpg,"Roman koji prati jedan dan u životu Klarise Dalovej, istražujući njene misli, sjećanja i unutrašnji svijet kroz tehniku toka svijesti.",O,klasik,teško,200
Ka svjetioniku,Virginia Woolf,"Lirski roman o porodici Remzi i njihovim posjetama ostrvu Skaj. Istražuje protok vremena, ljudske odnose i prirodu umjetničkog stvaranja.",https://www.knjiga.ba/media/catalog/product/cache/1/image/9df78eab33525d08d6e5fb8d27136e95/slike/ka_svjetioniku_woolf.jpg,"Lirski roman o porodici Remzi i njihovim posjetama ostrvu Skaj. Istražuje protok vremena, ljudske odnose i prirodu umjetničkog stvaranja.",O,klasik,teško,220
Orlando,Virginia Woolf,"Fantastična biografija lika koji živi vijekovima, mijenjajući pol i proživljavajući različite epohe engleske istorije i književnosti.",https://www.knjiga.ba/media/catalog/product/cache/1/image/9df78eab33525d08d6e5fb8d27136e95/slike/orlando_woolf.jpg,"Fantastična biografija lika koji živi vijekovima, mijenjajući pol i proživljavajući različite epohe engleske istorije i književnosti.",O,klasik,srednje,300
Sopstvena soba,Virginia Woolf,"Esej koji se smatra temeljem feminističke književne kritike, istražujući uslove neophodne za žensko umjetničko stvaralaštvo.",https://www.knjiga.ba/media/catalog/product/cache/1/image/9df78eab33525d08d6e5fb8d27136e95/slike/sopstvena_soba_woolf.jpg,"Esej koji se smatra temeljem feminističke književne kritike, istražujući uslove neophodne za žensko umjetničko stvaralaštvo.",O,esej,srednje,150
Talasi,Virginia Woolf,Najeksperimentalniji roman Virdžinije Vulf koji kroz unutrašnje monologe šest likova prati njihove živote od djetinjstva do starosti.,https://www.knjiga.ba/media/catalog/product/cache/1/image/9df78eab33525d08d6e5fb8d27136e95/slike/talasi_woolf.jpg,Najeksperimentalniji roman Virdžinije Vulf koji kroz unutrašnje monologe šest likova prati njihove živote od djetinjstva do starosti.,A,klasik,teško,250
Sunce se ponovo rađa,Ernest Hemingway,Roman o 'izgubljenoj generaciji' američkih iseljenika u Parizu i njihovom putovanju na koridu u Pamplonu. Portret poslijeratnog razočaranja.,https://www.knjiga.ba/media/catalog/product/cache/1/image/9df78eab33525d08d6e5fb8d27136e95/slike/sunce_se_ponovo_radja.jpg,Roman o 'izgubljenoj generaciji' američkih iseljenika u Parizu i njihovom putovanju na koridu u Pamplonu. Portret poslijeratnog razočaranja.,O,klasik,lako,250
Zbogom oružje,Ernest Hemingway,Dirljiva priča o ljubavi između američkog bolničara i engleske medicinske sestre na italijanskom frontu tokom Prvog svjetskog rata.,https://www.knjiga.ba/media/catalog/product/cache/1/image/9df78eab33525d08d6e5fb8d27136e95/slike/zbogom_oruzje_hemingway.jpg,Dirljiva priča o ljubavi između američkog bolničara i engleske medicinske sestre na italijanskom frontu tokom Prvog svjetskog rata.,O,klasik,srednje,300
Za kim zvona liju,Ernest Hemingway,"Roman o američkom dobrovoljcu u Španskom građanskom ratu, prožet temama smrti, ideologije i snage ljudskog duha u ekstremnim uslovima.",https://www.knjiga.ba/media/catalog/product/cache/1/image/9df78eab33525d08d6e5fb8d27136e95/slike/za_kim_zvona_liju_hemingway.jpg,"Roman o američkom dobrovoljcu u Španskom građanskom ratu, prožet temama smrti, ideologije i snage ljudskog duha u ekstremnim uslovima.",O,klasik,srednje,480
Starac i more,Ernest Hemingway,"Kratki roman o borbi starog ribara Santjaga sa ogromnim marlinom. Priča o ljudskoj izdržljivosti, dostojanstvu i pobjedi u porazu.",https://www.knjiga.ba/media/catalog/product/cache/1/image/9df78eab33525d08d6e5fb8d27136e95/slike/starac_i_more_hemingway.jpg,"Kratki roman o borbi starog ribara Santjaga sa ogromnim marlinom. Priča o ljudskoj izdržljivosti, dostojanstvu i pobjedi u porazu.",R7,klasik,lako,100
Pokretni praznik,Ernest Hemingway,"Memoari o Hemingvejevim mladalačkim danima u Parizu dvadesetih godina, puni sjećanja na druge pisce i umjetnike tog vremena.",https://www.knjiga.ba/media/catalog/product/cache/1/image/9df78eab33525d08d6e5fb8d27136e95/slike/pokretni_praznik_hemingway.jpg,"Memoari o Hemingvejevim mladalačkim danima u Parizu dvadesetih godina, puni sjećanja na druge pisce i umjetnike tog vremena.",O,memoari,lako,200
Istočno od raja,John Steinbeck,"Epska saga o dvije porodice u dolini Salinas, koja kroz generacije istražuje teme dobra i zla, slobodne volje i porodičnog nasljeđa.",https://www.knjiga.ba/media/catalog/product/cache/1/image/9df78eab33525d08d6e5fb8d27136e95/slike/istocno_od_raja_steinbeck.jpg,"Epska saga o dvije porodice u dolini Salinas, koja kroz generacije istražuje teme dobra i zla, slobodne volje i porodičnog nasljeđa.",O,klasik,srednje,600
Plodovi gnjeva,John Steinbeck,Potresna saga o porodici Džoad koja tokom Velike depresije napušta Oklahomu u potrazi za boljim životom u Kaliforniji. Simbol socijalne pravde.,https://www.knjiga.ba/media/catalog/product/cache/1/image/9df78eab33525d08d6e5fb8d27136e95/slike/plodovi_gnjeva_steinbeck.jpg,Potresna saga o porodici Džoad koja tokom Velike depresije napušta Oklahomu u potrazi za boljim životom u Kaliforniji. Simbol socijalne pravde.,O,klasik,srednje,500
O miševima i ljudima,John Steinbeck,"Tragična priča o dvojici sezonskih radnika, Džordžu i Leniju, i njihovom snu o sopstvenoj farmi. Roman o prijateljstvu i surovosti svijeta.",https://www.knjiga.ba/media/catalog/product/cache/1/image/9df78eab33525d08d6e5fb8d27136e95/slike/o_misevima_i_ljudima_steinbeck.jpg,"Tragična priča o dvojici sezonskih radnika, Džordžu i Leniju, i njihovom snu o sopstvenoj farmi. Roman o prijateljstvu i surovosti svijeta.",R7,klasik,lako,120
Biser,John Steinbeck,"Poučna priča o siromašnom ribaru koji pronalazi ogroman biser, ali ubrzo shvata da bogatstvo donosi samo nesreću i pohlepu.",https://www.knjiga.ba/media/catalog/product/cache/1/image/9df78eab33525d08d6e5fb8d27136e95/slike/biser_steinbeck.jpg,"Poučna priča o siromašnom ribaru koji pronalazi ogroman biser, ali ubrzo shvata da bogatstvo donosi samo nesreću i pohlepu.",R7,klasik,lako,100
Zima našeg nezadovoljstva,John Steinbeck,Posljednji Stajnbekov roman koji istražuje moralni pad poštenog čovjeka u društvu koje cijeni samo materijalni uspjeh.,https://www.knjiga.ba/media/catalog/product/cache/1/image/9df78eab33525d08d6e5fb8d27136e95/slike/zima_naseg_nezadovoljstva.jpg,Posljednji Stajnbekov roman koji istražuje moralni pad poštenog čovjeka u društvu koje cijeni samo materijalni uspjeh.,O,klasik,srednje,300
1984,George Orwell,"Dystopijski roman o totalitarnom društvu pod nadzorom Velikog Brata. Vizionarsko djelo o gubitku slobode, istine i individualnosti.",https://www.knjiga.ba/media/catalog/product/cache/1/image/9df78eab33525d08d6e5fb8d27136e95/slike/1984_orwell.jpg,"Dystopijski roman o totalitarnom društvu pod nadzorom Velikog Brata. Vizionarsko djelo o gubitku slobode, istine i individualnosti.",O,klasik,srednje,320
Životinjska farma,George Orwell,Alegorijska satira o revoluciji životinja na farmi koja se pretvara u tiraniju. Oštra kritika staljinizma i svih oblika diktature.,https://www.knjiga.ba/media/catalog/product/cache/1/image/9df78eab33525d08d6e5fb8d27136e95/slike/zivotinjska_farma_orwell.jpg,Alegorijska satira o revoluciji životinja na farmi koja se pretvara u tiraniju. Oštra kritika staljinizma i svih oblika diktature.,R7,klasik,lako,120
Kataloniji u čast,George Orwell,"Orvelov lični zapis o učešću u Španskom građanskom ratu, prožet idealizmom, razočaranjem i dubokim razumijevanjem političkih igara.",https://www.knjiga.ba/media/catalog/product/cache/1/image/9df78eab33525d08d6e5fb8d27136e95/slike/kataloniji_u_cast_orwell.jpg,"Orvelov lični zapis o učešću u Španskom građanskom ratu, prožet idealizmom, razočaranjem i dubokim razumijevanjem političkih igara.",O,autobiografija,srednje,250
Put za dok Vigan,George Orwell,"Istraživanje života radničke klase u sjevernoj Engleskoj tridesetih godina, prožeto Orvelovim razmišljanjima o socijalizmu i društvenoj pravdi.",https://www.knjiga.ba/media/catalog/product/cache/1/image/9df78eab33525d08d6e5fb8d27136e95/slike/put_za_dok_vigan_orwell.jpg,"Istraživanje života radničke klase u sjevernoj Engleskoj tridesetih godina, prožeto Orvelovim razmišljanjima o socijalizmu i društvenoj pravdi.",O,publicistika,srednje,230
Ubiti pticu rugalicu,Harper Lee,"Dirljiva priča o djetinjstvu, rasnim predrasudama i moralnoj hrabrosti na američkom Jugu, ispričana kroz oči djevojčice Skaut Finč.",https://www.knjiga.ba/media/catalog/product/cache/1/image/9df78eab33525d08d6e5fb8d27136e95/slike/ubiti_pticu_rugalicu_lee.jpg,"Dirljiva priča o djetinjstvu, rasnim predrasudama i moralnoj hrabrosti na američkom Jugu, ispričana kroz oči djevojčice Skaut Finč.",R7,klasik,lako,350
Idi postavi stražara,Harper Lee,"Nastavak kultnog romana 'Ubiti pticu rugalicu', koji prati odraslu Skaut i njeno suočavanje sa bolnim istinama o svom ocu i zavičaju.",https://www.knjiga.ba/media/catalog/product/cache/1/image/9df78eab33525d08d6e5fb8d27136e95/slike/idi_postavi_strazara_lee.jpg,"Nastavak kultnog romana 'Ubiti pticu rugalicu', koji prati odraslu Skaut i njeno suočavanje sa bolnim istinama o svom ocu i zavičaju.",O,klasik,srednje,280
Lovac u žitu,J. D. Salinger,Kultni roman o tinejdžeru Holdenu Kolfildu i njegovom lutanju Njujorkom nakon izbacivanja iz škole. Simbol mladalačkog bunta i otuđenosti.,https://www.knjiga.ba/media/catalog/product/cache/1/image/9df78eab33525d08d6e5fb8d27136e95/slike/lovac_u_zitu_salinger.jpg,Kultni roman o tinejdžeru Holdenu Kolfildu i njegovom lutanju Njujorkom nakon izbacivanja iz škole. Simbol mladalačkog bunta i otuđenosti.,O,klasik,lako,230
Freni i Zui,J. D. Salinger,"Priča o dvoje najmlađih članova porodice Glas, njihovoj duhovnoj krizi i potrazi za smislom u svijetu koji doživljavaju kao lažan.",https://www.knjiga.ba/media/catalog/product/cache/1/image/9df78eab33525d08d6e5fb8d27136e95/slike/freni_i_zui_salinger.jpg,"Priča o dvoje najmlađih članova porodice Glas, njihovoj duhovnoj krizi i potrazi za smislom u svijetu koji doživljavaju kao lažan.",O,klasik,srednje,200
"Visoko podignite krovnu gredu, tesari",J. D. Salinger,"Još jedna priča o porodici Glas, fokusirana na vjenčanje najstarijeg brata Simora i duboke emocionalne veze unutar ove neobične porodice.",https://www.knjiga.ba/media/catalog/product/cache/1/image/9df78eab33525d08d6e5fb8d27136e95/slike/visoko_podignite_tesari.jpg,"Još jedna priča o porodici Glas, fokusirana na vjenčanje najstarijeg brata Simora i duboke emocionalne veze unutar ove neobične porodice.",O,klasik,srednje,180
Devet priča,J. D. Salinger,"Zbirka majstorskih pripovijedaka koje istražuju unutrašnje svjetove djece i odraslih, prožete Selindžerovim specifičnim stilom i senzibilitetom.",https://www.knjiga.ba/media/catalog/product/cache/1/image/9df78eab33525d08d6e5fb8d27136e95/slike/devet_prica_salinger.jpg,"Zbirka majstorskih pripovijedaka koje istražuju unutrašnje svjetove djece i odraslih, prožete Selindžerovim specifičnim stilom i senzibilitetom.",O,pripovijetke,srednje,210
Gospodar muva,William Golding,"Roman o grupi dječaka koji nakon avionske nesreće završe na pustom ostrvu i pokušavaju uspostaviti društvo, ali brzo upadaju u varvarstvo.",https://www.knjiga.ba/media/catalog/product/cache/1/image/9df78eab33525d08d6e5fb8d27136e95/slike/gospodar_muva_golding.jpg,"Roman o grupi dječaka koji nakon avionske nesreće završe na pustom ostrvu i pokušavaju uspostaviti društvo, ali brzo upadaju u varvarstvo.",R7,klasik,srednje,220
Nasljednici,William Golding,Fascinantan roman o susretu posljednje grupe neandertalaca sa naprednijim i nasilnijim Homo sapiensima. Istražuje korijene ljudskog zla.,https://www.knjiga.ba/media/catalog/product/cache/1/image/9df78eab33525d08d6e5fb8d27136e95/slike/nasljednici_golding.jpg,Fascinantan roman o susretu posljednje grupe neandertalaca sa naprednijim i nasilnijim Homo sapiensima. Istražuje korijene ljudskog zla.,O,klasik,srednje,240
Slobodan pad,William Golding,Psihološki roman u kojem slikar Semi Mauntidž preispituje svoj život pokušavajući otkriti trenutak u kojem je izgubio svoju slobodu i nevinost.,https://www.knjiga.ba/media/catalog/product/cache/1/image/9df78eab33525d08d6e5fb8d27136e95/slike/slobodan_pad_golding.jpg,Psihološki roman u kojem slikar Semi Mauntidž preispituje svoj život pokušavajući otkriti trenutak u kojem je izgubio svoju slobodu i nevinost.,O,klasik,srednje,260
Zatvorenik,William Golding,"Priča o dekanu koji postaje opsjednut izgradnjom ogromnog tornja na svojoj katedrali, istražujući teme vjere, ponosa i ljudske ludosti.",https://www.knjiga.ba/media/catalog/product/cache/1/image/9df78eab33525d08d6e5fb8d27136e95/slike/zatvorenik_golding.jpg,"Priča o dekanu koji postaje opsjednut izgradnjom ogromnog tornja na svojoj katedrali, istražujući teme vjere, ponosa i ljudske ludosti.",O,klasik,srednje,230
Vrli novi svijet,Aldous Huxley,Dystopijska vizija budućnosti u kojoj su ljudi genetski programirani i kontrolisani kroz zadovoljstvo i drogu. Istražuje cijenu sreće bez slobode.,https://www.knjiga.ba/media/catalog/product/cache/1/image/9df78eab33525d08d6e5fb8d27136e95/slike/vrli_novi_svijet_huxley.jpg,Dystopijska vizija budućnosti u kojoj su ljudi genetski programirani i kontrolisani kroz zadovoljstvo i drogu. Istražuje cijenu sreće bez slobode.,O,klasik,srednje,250
Ostrvo,Aldous Huxley,"Hakslijev utopijski odgovor na 'Vrli novi svijet', koji opisuje društvo na izolovanom ostrvu koje spaja nauku i istočnjačku mudrost.",https://www.knjiga.ba/media/catalog/product/cache/1/image/9df78eab33525d08d6e5fb8d27136e95/slike/ostrvo_huxley.jpg,"Hakslijev utopijski odgovor na 'Vrli novi svijet', koji opisuje društvo na izolovanom ostrvu koje spaja nauku i istočnjačku mudrost.",O,klasik,srednje,350
Vrata percepcije,Aldous Huxley,"Fascinantan esej o Hakslijevim iskustvima sa meskalinom, koji istražuje prirodu ljudske svijesti i granice čulnog opažanja.",https://www.knjiga.ba/media/catalog/product/cache/1/image/9df78eab33525d08d6e5fb8d27136e95/slike/vrata_percepcije_huxley.jpg,"Fascinantan esej o Hakslijevim iskustvima sa meskalinom, koji istražuje prirodu ljudske svijesti i granice čulnog opažanja.",A,esej,srednje,120
Kontrapunkt,Aldous Huxley,Kompleksan roman koji kroz mnoštvo likova i njihovih intelektualnih rasprava portretiše englesko društvo dvadesetih godina 20. vijeka.,https://www.knjiga.ba/media/catalog/product/cache/1/image/9df78eab33525d08d6e5fb8d27136e95/slike/kontrapunkt_huxley.jpg,Kompleksan roman koji kroz mnoštvo likova i njihovih intelektualnih rasprava portretiše englesko društvo dvadesetih godina 20. vijeka.,A,klasik,teško,500
Fahrenheit 451,Ray Bradbury,"Priča o društvu u kojem su knjige zabranjene i spaljivane, i vatrogascu koji počinje preispitivati svoju ulogu i važnost pisane riječi.",https://www.knjiga.ba/media/catalog/product/cache/1/image/9df78eab33525d08d6e5fb8d27136e95/slike/fahrenheit_451_bradbury.jpg,"Priča o društvu u kojem su knjige zabranjene i spaljivane, i vatrogascu koji počinje preispitivati svoju ulogu i važnost pisane riječi.",R7,klasik,lako,200
Marsovski ljetopisi,Ray Bradbury,"Zbirka povezanih priča o ljudskoj kolonizaciji Marsa, prožeta nostalgijom, kritikom ljudske prirode i poetskom vizijom budućnosti.",https://www.knjiga.ba/media/catalog/product/cache/1/image/9df78eab33525d08d6e5fb8d27136e95/slike/marsovski_ljetopisi.jpg,"Zbirka povezanih priča o ljudskoj kolonizaciji Marsa, prožeta nostalgijom, kritikom ljudske prirode i poetskom vizijom budućnosti.",R7,SF,lako,250
Ilustrovani čovjek,Ray Bradbury,"Zbirka naučnofantastičnih priča koje oživljavaju sa tetovaža na tijelu tajanstvenog čovjeka, istražujući ljudske strahove i nade.",https://www.knjiga.ba/media/catalog/product/cache/1/image/9df78eab33525d08d6e5fb8d27136e95/slike/ilustrovani_covjek_bradbury.jpg,"Zbirka naučnofantastičnih priča koje oživljavaju sa tetovaža na tijelu tajanstvenog čovjeka, istražujući ljudske strahove i nade.",R7,SF,lako,280
Maslačkovo vino,Ray Bradbury,"Lirski i nostalgični roman o jednom ljetu u djetinjstvu dječaka u malom američkom gradu, prožet magijom svakodnevnih otkrića.",https://www.knjiga.ba/media/catalog/product/cache/1/image/9df78eab33525d08d6e5fb8d27136e95/slike/maslackovo_vino_bradbury.jpg,"Lirski i nostalgični roman o jednom ljetu u djetinjstvu dječaka u malom američkom gradu, prožet magijom svakodnevnih otkrića.",R7,klasik,lako,240
Sto godina samoće,Gabriel García Márquez,"Remek-djelo magičnog realizma koje prati sedam generacija porodice Buendija u mitskom selu Makondu. Saga o ljubavi, ratu i sudbini.",https://www.knjiga.ba/media/catalog/product/cache/1/image/9df78eab33525d08d6e5fb8d27136e95/slike/sto_godina_samoce_marquez.jpg,"Remek-djelo magičnog realizma koje prati sedam generacija porodice Buendija u mitskom selu Makondu. Saga o ljubavi, ratu i sudbini.",O,klasik,srednje,450
Ljubav u doba kolere,Gabriel García Márquez,"Prelijepa priča o vječnoj ljubavi Florentina Arize i Fermine Daze koja traje decenijama, uprkos preprekama i protoku vremena.",https://www.knjiga.ba/media/catalog/product/cache/1/image/9df78eab33525d08d6e5fb8d27136e95/slike/ljubav_u_doba_kolere_marquez.jpg,"Prelijepa priča o vječnoj ljubavi Florentina Arize i Fermine Daze koja traje decenijama, uprkos preprekama i protoku vremena.",O,klasik,srednje,400
Hronika najavljene smrti,Gabriel García Márquez,"Kratki roman koji rekonstruiše događaje koji su doveli do ubistva u malom gradu, istražujući teme časti, sudbine i kolektivne odgovornosti.",https://www.knjiga.ba/media/catalog/product/cache/1/image/9df78eab33525d08d6e5fb8d27136e95/slike/hronika_najavljene_smrti.jpg,"Kratki roman koji rekonstruiše događaje koji su doveli do ubistva u malom gradu, istražujući teme časti, sudbine i kolektivne odgovornosti.",O,klasik,lako,150
Pukovniku nema ko da piše,Gabriel García Márquez,"Dirljiva priča o starom pukovniku koji godinama čeka obećanu penziju, boreći se sa siromaštvom i zaboravom u korumpiranom društvu.",https://www.knjiga.ba/media/catalog/product/cache/1/image/9df78eab33525d08d6e5fb8d27136e95/slike/pukovniku_nema_ko_da_pise.jpg,"Dirljiva priča o starom pukovniku koji godinama čeka obećanu penziju, boreći se sa siromaštvom i zaboravom u korumpiranom društvu.",O,klasik,lako,100
O ljubavi i drugim demonima,Gabriel García Márquez,"Tragična priča o ljubavi između mlade plemkinje i sveštenika u kolonijalnoj Kolumbiji, prožeta magijom, religijom i predrasudama.",https://www.knjiga.ba/media/catalog/product/cache/1/image/9df78eab33525d08d6e5fb8d27136e95/slike/o_ljubavi_i_demonima.jpg,"Tragična priča o ljubavi između mlade plemkinje i sveštenika u kolonijalnoj Kolumbiji, prožeta magijom, religijom i predrasudama.",O,klasik,srednje,200
Ime ruže,Umberto Eco,"Intelektualni triler smješten u srednjovjekovni manastir, gdje franjevac Vilijam od Baskervila istražuje seriju misterioznih ubistava.",https://www.knjiga.ba/media/catalog/product/cache/1/image/9df78eab33525d08d6e5fb8d27136e95/slike/ime_ruze_eco.jpg,"Intelektualni triler smješten u srednjovjekovni manastir, gdje franjevac Vilijam od Baskervila istražuje seriju misterioznih ubistava.",O,klasik,teško,550
Fukoovo klatno,Umberto Eco,"Kompleksan roman o trojici urednika koji iz zabave kreiraju sopstvenu teoriju zavjere, koja ubrzo počinje opasno uticati na stvarnost.",https://www.knjiga.ba/media/catalog/product/cache/1/image/9df78eab33525d08d6e5fb8d27136e95/slike/fukoovo_klatno_eco.jpg,"Kompleksan roman o trojici urednika koji iz zabave kreiraju sopstvenu teoriju zavjere, koja ubrzo počinje opasno uticati na stvarnost.",A,klasik,teško,700
Ostrvo dana pređašnjeg,Umberto Eco,Barokni roman o plemiću koji nakon brodoloma završi na brodu usidrenom pored ostrva koje se nalazi s druge strane datumske granice.,https://www.knjiga.ba/media/catalog/product/cache/1/image/9df78eab33525d08d6e5fb8d27136e95/slike/ostrvo_dana_predjasnjeg.jpg,Barokni roman o plemiću koji nakon brodoloma završi na brodu usidrenom pored ostrva koje se nalazi s druge strane datumske granice.,A,klasik,teško,500
Baudolino,Umberto Eco,"Fantastična priča o velikom lažovu i pripovjedaču Baudolinu koji putuje kroz srednjovjekovni svijet pun čuda, tražeći mitsko kraljevstvo.",https://www.knjiga.ba/media/catalog/product/cache/1/image/9df78eab33525d08d6e5fb8d27136e95/slike/baudolino_eco.jpg,"Fantastična priča o velikom lažovu i pripovjedaču Baudolinu koji putuje kroz srednjovjekovni svijet pun čuda, tražeći mitsko kraljevstvo.",O,klasik,srednje,550
Praško groblje,Umberto Eco,Mračan i provokativan roman o stvaranju modernih teorija zavjere i antisemitizma kroz lik falsifikatora i špijuna u 19. vijeku.,https://www.knjiga.ba/media/catalog/product/cache/1/image/9df78eab33525d08d6e5fb8d27136e95/slike/prasko_groblje_eco.jpg,Mračan i provokativan roman o stvaranju modernih teorija zavjere i antisemitizma kroz lik falsifikatora i špijuna u 19. vijeku.,A,klasik,teško,480
Nepodnošljiva lakoća postojanja,Milan Kundera,"Filozofski roman o ljubavi, politici i sudbini četvoro ljudi u Pragu tokom sovjetske okupacije. Istražuje težinu i lakoću ljudskih odluka.",https://www.knjiga.ba/media/catalog/product/cache/1/image/9df78eab33525d08d6e5fb8d27136e95/slike/nepodnosljiva_lakoca_kundera.jpg,"Filozofski roman o ljubavi, politici i sudbini četvoro ljudi u Pragu tokom sovjetske okupacije. Istražuje težinu i lakoću ljudskih odluka.",O,klasik,srednje,320
Šala,Milan Kundera,"Priča o tome kako jedna nepromišljena šala može uništiti život pojedinca u totalitarnom sistemu. Roman o osveti, zaboravu i ironiji istorije.",https://www.knjiga.ba/media/catalog/product/cache/1/image/9df78eab33525d08d6e5fb8d27136e95/slike/sala_kundera.jpg,"Priča o tome kako jedna nepromišljena šala može uništiti život pojedinca u totalitarnom sistemu. Roman o osveti, zaboravu i ironiji istorije.",O,klasik,srednje,350
Knjiga smijeha i zaborava,Milan Kundera,"Roman u sedam dijelova koji kroz različite priče istražuje teme sjećanja, zaborava, politike i ljudske seksualnosti u modernom svijetu.",https://www.knjiga.ba/media/catalog/product/cache/1/image/9df78eab33525d08d6e5fb8d27136e95/slike/knjiga_smijeha_kundera.jpg,"Roman u sedam dijelova koji kroz različite priče istražuje teme sjećanja, zaborava, politike i ljudske seksualnosti u modernom svijetu.",O,klasik,srednje,300
Besmrtnost,Milan Kundera,"Kompleksan roman koji istražuje ljudsku želju za besmrtnošću kroz umjetnost, slavu i sjećanje, preplićući sudbine fiktivnih i istorijskih ličnosti.",https://www.knjiga.ba/media/catalog/product/cache/1/image/9df78eab33525d08d6e5fb8d27136e95/slike/besmrtnost_kundera.jpg,"Kompleksan roman koji istražuje ljudsku želju za besmrtnošću kroz umjetnost, slavu i sjećanje, preplićući sudbine fiktivnih i istorijskih ličnosti.",A,klasik,teško,400
Identitet,Milan Kundera,"Kratki i pronicljivi roman o ljubavi i nesporazumima između dvoje ljudi, istražujući kako se naša slika o sebi i drugima može lako poljuljati.",https://www.knjiga.ba/media/catalog/product/cache/1/image/9df78eab33525d08d6e5fb8d27136e95/slike/identitet_kundera.jpg,"Kratki i pronicljivi roman o ljubavi i nesporazumima između dvoje ljudi, istražujući kako se naša slika o sebi i drugima može lako poljuljati.",O,klasik,lako,160
Lolita,Vladimir Nabokov,Kontroverzno remek-djelo o opsesivnoj ljubavi sredovječnog Hamberta prema dvanaestogodišnjoj Loliti. Roman vrhunskog stila i jezičke virtuoznosti.,https://www.knjiga.ba/media/catalog/product/cache/1/image/9df78eab33525d08d6e5fb8d27136e95/slike/lolita_nabokov.jpg,Kontroverzno remek-djelo o opsesivnoj ljubavi sredovječnog Hamberta prema dvanaestogodišnjoj Loliti. Roman vrhunskog stila i jezičke virtuoznosti.,A,klasik,srednje,360
Pnin,Vladimir Nabokov,"Duhovit i dirljiv roman o ruskom profesoru u egzilu na američkom koledžu, koji se bori sa jezikom, kulturom i sopstvenom prošlošću.",https://www.knjiga.ba/media/catalog/product/cache/1/image/9df78eab33525d08d6e5fb8d27136e95/slike/pnin_nabokov.jpg,"Duhovit i dirljiv roman o ruskom profesoru u egzilu na američkom koledžu, koji se bori sa jezikom, kulturom i sopstvenom prošlošću.",O,klasik,srednje,200
Blijeda vatra,Vladimir Nabokov,"Jedinstven roman sastavljen od poeme i opširnog komentara, koji kroz književnu analizu otkriva zagonetnu priču o kralju u egzilu i ubistvu.",https://www.knjiga.ba/media/catalog/product/cache/1/image/9df78eab33525d08d6e5fb8d27136e95/slike/blijeda_vatra_nabokov.jpg,"Jedinstven roman sastavljen od poeme i opširnog komentara, koji kroz književnu analizu otkriva zagonetnu priču o kralju u egzilu i ubistvu.",A,klasik,teško,350
Ada ili strast,Vladimir Nabokov,"Epska porodična hronika i ljubavna priča smještena u alternativnu istoriju, prožeta Nabokovljevom fascinacijom vremenom, sjećanjem i jezikom.",https://www.knjiga.ba/media/catalog/product/cache/1/image/9df78eab33525d08d6e5fb8d27136e95/slike/ada_ili_strast_nabokov.jpg,"Epska porodična hronika i ljubavna priča smještena u alternativnu istoriju, prožeta Nabokovljevom fascinacijom vremenom, sjećanjem i jezikom.",A,klasik,teško,600
Dar,Vladimir Nabokov,"Posljednji roman koji je Nabokov napisao na ruskom jeziku, posvećen književnom stvaralaštvu, ljubavi i ruskoj kulturi u emigraciji.",https://www.knjiga.ba/media/catalog/product/cache/1/image/9df78eab33525d08d6e5fb8d27136e95/slike/dar_nabokov.jpg,"Posljednji roman koji je Nabokov napisao na ruskom jeziku, posvećen književnom stvaralaštvu, ljubavi i ruskoj kulturi u emigraciji.",O,klasik,teško,450
Doktor Živago,Boris Pasternak,"Epska priča o ljekaru i pjesniku Juriju Živagu u vrtlogu Ruske revolucije i građanskog rata. Roman o ljubavi, umjetnosti i očuvanju duše.",https://www.knjiga.ba/media/catalog/product/cache/1/image/9df78eab33525d08d6e5fb8d27136e95/slike/doktor_zivago_pasternak.jpg,"Epska priča o ljekaru i pjesniku Juriju Živagu u vrtlogu Ruske revolucije i građanskog rata. Roman o ljubavi, umjetnosti i očuvanju duše.",O,klasik,teško,600
Majstor i Margarita,Mihail Bulgakov,"Fantastična satira u kojoj đavo posjećuje Moskvu tridesetih godina. Paralelno prati priču o Majstoru, Margariti i Pontiju Pilatu.",https://www.knjiga.ba/media/catalog/product/cache/1/image/9df78eab33525d08d6e5fb8d27136e95/slike/majstor_i_margarita_bulgakov.jpg,"Fantastična satira u kojoj đavo posjećuje Moskvu tridesetih godina. Paralelno prati priču o Majstoru, Margariti i Pontiju Pilatu.",O,klasik,srednje,450
Pseće srce,Mihail Bulgakov,"Oštra satira o pokušaju stvaranja 'novog čovjeka' kroz eksperiment u kojem pas dobija ljudske organe, sa katastrofalnim posljedicama.",https://www.knjiga.ba/media/catalog/product/cache/1/image/9df78eab33525d08d6e5fb8d27136e95/slike/psece_srce_bulgakov.jpg,"Oštra satira o pokušaju stvaranja 'novog čovjeka' kroz eksperiment u kojem pas dobija ljudske organe, sa katastrofalnim posljedicama.",O,klasik,lako,150
Bijela garda,Mihail Bulgakov,"Roman o sudbini porodice Turbin u Kijevu tokom burnih događaja građanskog rata, prožet nostalgijom za izgubljenim svijetom i čašću.",https://www.knjiga.ba/media/catalog/product/cache/1/image/9df78eab33525d08d6e5fb8d27136e95/slike/bijela_garda_bulgakov.jpg,"Roman o sudbini porodice Turbin u Kijevu tokom burnih događaja građanskog rata, prožet nostalgijom za izgubljenim svijetom i čašću.",O,klasik,srednje,350
Kobna jaja,Mihail Bulgakov,"Naučnofantastična satira o naučnom otkriću koje izmiče kontroli, dovodeći do invazije džinovskih gmizavaca na Moskvu. Kritika sovjetske birokratije.",https://www.knjiga.ba/media/catalog/product/cache/1/image/9df78eab33525d08d6e5fb8d27136e95/slike/kobna_jaja_bulgakov.jpg,"Naučnofantastična satira o naučnom otkriću koje izmiče kontroli, dovodeći do invazije džinovskih gmizavaca na Moskvu. Kritika sovjetske birokratije.",O,klasik,lako,140
Siddhartha,Hermann Hesse,"Priča o duhovnom traganju mladog Indijca u vrijeme Bude. Roman o potrazi za prosvjetljenjem, unutrašnjim mirom i smislom postojanja.",https://www.knjiga.ba/media/catalog/product/cache/1/image/9df78eab33525d08d6e5fb8d27136e95/slike/siddhartha_hesse.jpg,"Priča o duhovnom traganju mladog Indijca u vrijeme Bude. Roman o potrazi za prosvjetljenjem, unutrašnjim mirom i smislom postojanja.",O,klasik,lako,150
Stepski vuk,Hermann Hesse,"Psihološki roman o Hariju Haleru, čovjeku rastrzanom između ljudske prirode i vučje divljine. Istražuje teme krize identiteta i duhovnog preporoda.",https://www.knjiga.ba/media/catalog/product/cache/1/image/9df78eab33525d08d6e5fb8d27136e95/slike/stepski_vuk_hesse.jpg,"Psihološki roman o Hariju Haleru, čovjeku rastrzanom između ljudske prirode i vučje divljine. Istražuje teme krize identiteta i duhovnog preporoda.",O,klasik,srednje,250
Demijan,Hermann Hesse,"Priča o odrastanju Emila Sinklera i njegovom susretu sa zagonetnim Demijanom, koji ga vodi ka dubljem razumijevanju sopstvene ličnosti i svijeta.",https://www.knjiga.ba/media/catalog/product/cache/1/image/9df78eab33525d08d6e5fb8d27136e95/slike/demijan_hesse.jpg,"Priča o odrastanju Emila Sinklera i njegovom susretu sa zagonetnim Demijanom, koji ga vodi ka dubljem razumijevanju sopstvene ličnosti i svijeta.",O,klasik,srednje,200
Narcis i Zlatousti,Hermann Hesse,Roman o prijateljstvu dvojice mladića koji predstavljaju dva različita životna puta: duhovni i asketski nasuprot čulnom i umjetničkom.,https://www.knjiga.ba/media/catalog/product/cache/1/image/9df78eab33525d08d6e5fb8d27136e95/slike/narcis_i_zlatousti.jpg,Roman o prijateljstvu dvojice mladića koji predstavljaju dva različita životna puta: duhovni i asketski nasuprot čulnom i umjetničkom.,O,klasik,srednje,320
Igra staklenih perli,Hermann Hesse,"Utopijski roman smješten u budućnost, u intelektualnu zajednicu Kastaliju. Istražuje odnos između duhovnog života i spoljašnjeg svijeta.",https://www.knjiga.ba/media/catalog/product/cache/1/image/9df78eab33525d08d6e5fb8d27136e95/slike/igra_staklenih_perli_hesse.jpg,"Utopijski roman smješten u budućnost, u intelektualnu zajednicu Kastaliju. Istražuje odnos između duhovnog života i spoljašnjeg svijeta.",A,klasik,teško,500